{
    "keyboard_name": "keyboard0",
    "url": "kb.ht12345.xyz/0",
    "maintainer": "ht12345",
    "layouts": {
        "LAYOUT": {
            "layout": [
                { "label": "ROT2", "x": 0, "y": 0 },
                { "label": "Esc", "x": 1.25, "y": 0 },
                { "label": "F1", "x": 3.25, "y": 0 },
                { "label": "F2", "x": 4.25, "y": 0 },
                { "label": "F3", "x": 5.25, "y": 0 },
                { "label": "F4", "x": 6.25, "y": 0 },
                { "label": "F5", "x": 7.75, "y": 0 },
                { "label": "F6", "x": 8.75, "y": 0 },
                { "label": "F7", "x": 9.75, "y": 0 },
                { "label": "F8", "x": 10.75, "y": 0 },
                { "label": "F9", "x": 12.25, "y": 0 },
                { "label": "F10", "x": 13.25, "y": 0 },
                { "label": "F11", "x": 14.25, "y": 0 },
                { "label": "F12", "x": 15.25, "y": 0 },
                { "label": "PrtSc", "x": 16.75, "y": 0 },
                { "label": "ROT1", "x": 18.75, "y": 0 },

                { "label": "M1", "x": 0, "y": 1.5 },
                { "label": "~", "x": 1.25, "y": 1.5 },
                { "label": "!", "x": 2.25, "y": 1.5 },
                { "label": "@", "x": 3.25, "y": 1.5 },
                { "label": "#", "x": 4.25, "y": 1.5 },
                { "label": "$", "x": 5.25, "y": 1.5 },
                { "label": "%", "x": 6.25, "y": 1.5 },
                { "label": "^", "x": 7.25, "y": 1.5 },
                { "label": "&", "x": 8.25, "y": 1.5 },
                { "label": "*", "x": 9.25, "y": 1.5 },
                { "label": "(", "x": 10.25, "y": 1.5 },
                { "label": ")", "x": 11.25, "y": 1.5 },
                { "label": "_", "x": 12.25, "y": 1.5 },
                { "label": "+", "x": 13.25, "y": 1.5 },
                { "label": "Backspace", "x": 14.25, "y": 1.5, "w": 2 },
                { "label": "Insert", "x": 16.75, "y": 1.5 },
                { "label": "Home", "x": 17.75, "y": 1.5 },
                { "label": "PgUp", "x": 18.75, "y": 1.5 },

                { "label": "M2", "x": 0, "y": 2.5 },
                { "label": "Tab", "x": 1.25, "y": 2.5, "w": 1.5 },
                { "label": "Q", "x": 2.75, "y": 2.5 },
                { "label": "W", "x": 3.75, "y": 2.5 },
                { "label": "E", "x": 4.75, "y": 2.5 },
                { "label": "R", "x": 5.75, "y": 2.5 },
                { "label": "T", "x": 6.75, "y": 2.5 },
                { "label": "Y", "x": 7.75, "y": 2.5 },
                { "label": "U", "x": 8.75, "y": 2.5 },
                { "label": "I", "x": 9.75, "y": 2.5 },
                { "label": "O", "x": 10.75, "y": 2.5 },
                { "label": "P", "x": 11.75, "y": 2.5 },
                { "label": "{", "x": 12.75, "y": 2.5 },
                { "label": "}", "x": 13.75, "y": 2.5 },
                { "label": "|", "x": 14.75, "y": 2.5, "w": 1.5 },
                { "label": "Delete", "x": 16.75, "y": 2.5 },
                { "label": "End", "x": 17.75, "y": 2.5 },
                { "label": "PgDn", "x": 18.75, "y": 2.5 },

                { "label": "M3", "x": 0, "y": 3.5 },
                { "label": "Caps Lock", "x": 1.25, "y": 3.5, "w": 1.75 },
                { "label": "A", "x": 3, "y": 3.5 },
                { "label": "S", "x": 4, "y": 3.5 },
                { "label": "D", "x": 5, "y": 3.5 },
                { "label": "F", "x": 6, "y": 3.5 },
                { "label": "G", "x": 7, "y": 3.5 },
                { "label": "H", "x": 8, "y": 3.5 },
                { "label": "J", "x": 9, "y": 3.5 },
                { "label": "K", "x": 10, "y": 3.5 },
                { "label": "L", "x": 11, "y": 3.5 },
                { "label": ":", "x": 12, "y": 3.5 },
                { "label": "\"", "x": 13, "y": 3.5 },
                { "label": "Enter", "x": 14, "y": 3.5, "w": 2.25 },

                { "label": "M4", "x": 0, "y": 4.5 },
                { "label": "Shift", "x": 1.25, "y": 4.5, "w": 2.25 },
                { "label": "Z", "x": 3.5, "y": 4.5 },
                { "label": "X", "x": 4.5, "y": 4.5 },
                { "label": "C", "x": 5.5, "y": 4.5 },
                { "label": "V", "x": 6.5, "y": 4.5 },
                { "label": "B", "x": 7.5, "y": 4.5 },
                { "label": "N", "x": 8.5, "y": 4.5 },
                { "label": "M", "x": 9.5, "y": 4.5 },
                { "label": "<", "x": 10.5, "y": 4.5 },
                { "label": ">", "x": 11.5, "y": 4.5 },
                { "label": "?", "x": 12.5, "y": 4.5 },
                { "label": "Shift", "x": 13.5, "y": 4.5, "w": 2.75 },
                { "label": "Up", "x": 17.75, "y": 4.5 },

                { "label": "M5", "x": 0, "y": 5.5 },
                { "label": "Ctrl", "x": 1.25, "y": 5.5, "w": 1.25 },
                { "label": "Win", "x": 2.5, "y": 5.5, "w": 1.25 },
                { "label": "Alt", "x": 3.75, "y": 5.5, "w": 1.25 },
                { "x": 5, "y": 5.5, "w": 6.25 },
                { "label": "Alt", "x": 11.25, "y": 5.5, "w": 1.25 },
                { "label": "Win", "x": 12.5, "y": 5.5, "w": 1.25 },
                { "label": "Menu", "x": 13.75, "y": 5.5, "w": 1.25 },
                { "label": "Ctrl", "x": 15, "y": 5.5, "w": 1.25 },
                { "label": "Left", "x": 16.75, "y": 5.5 },
                { "label": "Down", "x": 17.75, "y": 5.5 },
                { "label": "Right", "x": 18.75, "y": 5.5 }
            ]
        }
    }
}
